iter	F1	Logloss	Precision:use_weights=true	Precision:use_weights=false	Recall:use_weights=true	Recall:use_weights=false
0	0.9532234628	0.6592817646	0.9128650947	0.5118842577	0.9973154362	0.9973154362
1	0.9627837473	0.6327263785	0.9288172217	0.5663750475	0.9993288591	0.9993288591
2	0.9770587998	0.6040965565	0.9551465907	0.6806761078	1	1
3	0.9717645056	0.5954041945	0.9450797126	0.6326963907	1	1
4	0.9801147022	0.5701272508	0.9610048348	0.711556829	1	1
5	0.9868400114	0.5467487332	0.9740218943	0.7896131426	1	1
6	0.9837746021	0.5278472844	0.9680673246	0.7521453811	1	1
7	0.9806312623	0.5200083075	0.9619985644	0.7170356112	1	1
8	0.9873964349	0.4975490342	0.9751066152	0.7967914439	1	1
